<?xml version="1.0" encoding="UTF-8"?>
<plugin_manifest xmlns="http://www.elgg.org/plugin_manifest/1.8">
	<name>resize avatars</name>
        <id>resize_avatars</id>
	<author>ura soul</author>
	<version>2.0</version>
	<description>adds admin options for batch resizing avatar thumbnail images</description>
	<website>https://www.ureka.org</website>
	<license>GNU General Public License version 2</license>
	<requires>
		<type>elgg_release</type>
		<version>2.0</version>
	</requires>
</plugin_manifest>
