<?xml version="1.0" encoding="UTF-8"?>
<plugin_manifest xmlns="http://www.elgg.org/plugin_manifest/1.8">
	<name>Reuleaux Diagram Calculator</name>
	<id>reuleaux</id>
	<author>Manfred Salomon</author>
	<version>0.9</version>
	<category>bundled</category>
	<description>A handy consensus calculator to compute e. g. sustainability</description>
	<website>http://www.reuleaux-calculator.eu/</website>
	<copyright>See COPYRIGHT.txt</copyright>
	<license>GNU General Public License version 2</license>
	<requires>
		<type>elgg_release</type>
		<version>1.9</version>
	</requires>
</plugin_manifest>
